{"cameraMode":{"drawMode":0,"name":"Shaded","section":"Shading Mode"},"sceneLighting":false,"audioPlay":false,"sceneViewState":{"showFog":true,"showMaterialUpdate":false,"showSkybox":false,"showFlares":true,"showImageEffects":true,"showParticleSystems":true},"in2DMode":false,"pivot":{"x":1.2599999904632569,"y":0.2150000035762787,"z":-0.27300000190734866},"rotation":{"x":0.09062118828296662,"y":-0.72818922996521,"z":0.09792961180210114,"w":0.6724437475204468},"size":0.0959867537021637,"orthographic":false}